['N0Sofa_00145_01', 'N3OpenArea_00157_02', 'Werkraum_03516_02', 'N3OpenArea_03301_01', 'MPH1Library_00034_01', 'N3Library_00157_02', 'N3Office_00159_01', 'MPH11_00150_01', 'N0Sofa_00034_02', 'N3Library_03403_01', 'MPH112_00169_01', 'N0Sofa_00141_01', 'N3Library_03375_01', 'MPH112_00150_01', 'N3OpenArea_00158_01', 'Werkraum_03403_01', 'N3OpenArea_03403_01', 'N3Library_00157_01', 'Werkraum_03516_01', 'MPH11_00034_01', 'MPH11_00151_01', 'N3Library_03403_02', 'MPH112_00157_01', 'N3Office_00150_01', 'N0Sofa_00034_01', 'N0SittingBooth_03301_01', 'MPH16_00157_01', 'N3Library_03301_02', 'N3Office_00034_01', 'N3Library_03301_01', 'Werkraum_03301_01', 'N3Office_00139_01', 'MPH112_00034_01', 'N3Office_00153_01', 'N3Office_03301_01', 'N0SittingBooth_03403_01', 'N3Library_03375_02', 'MPH11_03515_01', 'MPH112_00151_01', 'MPH8_00168_01', 'N3OpenArea_00157_01', 'N0SittingBooth_00169_01', 'BasementSittingBooth_00142_01']




BasementSittingBooth_00142_01,1-100 x walking slowly near a fourseater;101-150 turning slowly around and looking up directly near a fourseater and a table;170-280 x pointing fingers in the air and then looking down and pointing fingers down and then sitting down;282-311 sitting down on the fourseater in the middle facing forward;312-348 seated on the fourseater in the middle; 348-368 thumping hands on the table while being seated in the middle of the sofa;391-441 reaching for a paper on the table and reading;442-530 reaching for pen on the table and writing on the paper using left hand; 545-610 sitting while hands resting on the table;617-1102 bringing the pen to write on the paper and writing on paper using left hand while moving head, 640-662 changing position on the fourseater by slighlting raising the body;1103-1141 getting up from sitting position on the fourseater while looking down and holding paper and pen in hand; 1142-1175 holding paper and raising it in the air using and extending the right hand;1176-1187 turning corner around the table inside the fourseater;1187-1207 sitting down on the fourseater on the right with head to the back,1211-1415 writing on paper using left hand on the table,1428-1540 extending and raising both hands to the side, 1541-1570 standing up from sitting position on the fourseater

BasementSittingBooth_00145_01,95-160 turning left and walking towards the fourseater;187-280 9 dancing while standing near the table and front of the fourseater;285-338 sitting down on the fourseater on the left with face facing forward;360-442 reaching for paper on the table using right hand;442-512 reaching for a pen on the table using the left hand;513-525 lifting paer off the table using the right hand, 526-549 putting paper on the table using the right hand;550-566 lifting paer off the table using the right hand; 567-580 putting paper down on the table,581-660 swiping right hand on the table and later both hands,680-838 writing on paper using left hand;878-892 putting down pen on the table; 890-942 standing up from sitting pisiton in the middle of the fourseater facing forward;943-962 sitting down on the fourseater,962-1020 going from sitting down to lying back on the fourseater while head and back are leaning on the back of the fourseater on the right end; 1009-1049 crossing legs while in lying back position, 1050-1180 in lying back position with occasional hand gestures; 1181-1236 getting up from lying back position;1256-1328 lying back on the fourseater on the left end with legs in angled position;1329-1350 crossing legs while in lying back and legs are in angled position;1351-1480 in lying back position with legs crossed in angled position,1488-1504 raising both hand in upright position;1511-1550 getting up from lying back position on the fourseater on the left end; 1551-1580 standing up with right hand leaning on the table in front;1590-1685 climbing on the fourseater in the middle; 1705-1746 extending both hands after climbing the fourseater; 1778-1845 climbing don the fourseater;1859-1908 sittig down on the fourseater on the left side facing forward;1925-2126 putting hand on the table while in seated position and resting face on the hand;2167-2182 getting up from sitting position on the fourseater in the middle. 


MPH1Library_00034_01, 50-77 turning 90 degree around facing front to the left; 127-198 sitting down on chair placed at the table while facing away from the table and places left hand on table, 200-233 turning head while in seated position;245-267 reaching for book on table; 290-320 lifting book off table; 321-577 reading book; 430-454 putting book down on table;610-630 placing both hands on table prepare to get up from sitting position; 619-657 getting from from sitting position on a chair at the front of the table;680-695 turning 90 degree to the from east to north; 700-767 walking near chair at the table from south to north;776-820 bending back slightly in order to lean on table and looking down at books on the table; 921-947 going from leaning on table to upright standing position;965-1055 sitting down on a chair on the far north end of the table; 1156-1187 reaching hand for books on table;1227-1264 getting up from sitting position on chair at the table;1291-1312 turing 90 degrees around fro east to north; 1360-1416 walking and turning corner at the far north end of the table; 1417-1480 sitting down at the a chair at table at the for north end facing forward with hands placed at table;1470-1496 turning head 90 degree to the west; 1497-1509 turning head 90 degrees to the east; 1504-1570 leaning back while sitting on a chair; 1573-1614 extending and raising both hands to the side;1647-1668 lowering raised hands while in seated position after extending and stretching hands; 1682-1694 turning head 90 degrees to the west;1695-1760 getting up from sitting position while placing hands on table; 1779-1818 walking near chairs at the table at the far north end of the table; 1810-1869 turning corner at the table at the far north-east side;1870-1909 placing hands and leaning at table with back bent over; 1943-1965 going from leaning on table to upright standing position; 1947-2033 climbing a chair on the far north end of the table on the side while facing forward; 2055-2120 climbing down chair; 2135-2153 lowering hands that were extended to the sides;2193-2211 turning head 90 degrees to the left while facing forward

MPH8_00168_01, 55-80 turning head 90 degrees to the right with face facing forward;  81-140 sitting down on bed; 250-335 reaching for pocket and taking mobile phone out; 336-508 using phone; 509-560 getting up from sitting position on bed; 577-609 walking from bed after standing up towards the red sofa; 611-650 sitting down on sofa on its right end;651-748 going from sitting to lying down on the red sofa; 748-988 in lying position on the sofa;989-1050 raising both hands above head in the air and stretching while lying down; 1081-1117 lowering hands from upright position above head; 1118-1257 in lying position on the red sofa; 1258-1301 getting up from lying position on the red sofa to sitting down; 1302-1364 changing positions on sofa by moving slightly to the left; 1477-1506 placing hands on  table as if reaching for something while in seated position on the red sofa; 1506-1666 drumming hands on table; 1670-1706 getting up from sitting position on the red sofa while leaning on table; 1707-1749 in leaning position on table after getting up from sitting position; 1750-1765 straightening up from slightly bending position on table; 1765-1800 walking around the table and reaching a a black chair; 1821-1880 sitting down on black chair at the table with face facing forward; 1881-1994 reaching inside pocket while sitting down in a chair at the table; 1995-2289 using phone while sitting down at chair at the table; 2340-2400 getting up from sitting position at chair at the table; 2580-2727 extending both hands while standing towards the wall and then placing them on the wall;2780-2890 bending slightly towards a small monitor table to pick up something; 2891-2920 turning head slightly to face forward and straightening up; 2990-3030 walking a small distance toward the camera


MPH11_00034_01, 21-61 turning body 90 degrees; 61-93 bending over the sofa on the left side; 94-114 straightening up from bending position over sofa; 120-160 bending over the sofa in the middle;161-183 straightening up from bending position over sofa; 190-203 turning 90 degrees with face facing backward; 204-268 walking towards black chair at the desk;280-345 sitting down in office chair at desk; 349-411 extending right hand while facing backward towards something on the desk;  436-464 getting up from sitting position at office chair;  511-533 turning around 90 degrees to face forward after inspecting monitor at desk; 534-560 turning about 135 degrees towards chair at desk; 572-686 climbing office chair followed by desk; 715-730 lowering both hands to the side after they were raised to the left and right sides; 747-836 climbing down off the desk towards chair and then floor; 848-870 walkig straight and then turning towards wall; 870-910 extending the left hand towards the the right wall; 911-970 bending down to touch something; 971-1000 straightening up from bending position; 1010-1045 walking in horizontal line towards te sofa; 1046-1100 climbing on the sofa; 1106-1168 jumping on sofa;1169-1202 climbing down off the sofa; 1203-1260 sitting down on sofa;  1261-1330 crossing legs while sitting on sofa; 1335-1354 uncrossing legs while sitting on sofa; 1370-1393 changing position slightly on sofa further away from camera; 1410-1474 crossing legs while sitting on sofa; 1503-1527 uncrossing legs while sitting on sofa; 1543-1671 going from sitting to lying down on sofa; 1772-1830 getting up from lying position on sofa; 1866-1893 getting up from sitting position on sofa;1906-1941 walking away from sofa towards small cabinet closer to the camera with face facing forward; 1951-2001 sitting down on the small cabinet; 2086-2109 getting up from sitting position on the cabinet;2110-2150 walking away from the cabinet;2150-2172 turning slightly



MPH11_00150_01, 31-59 turning 90 degrees around; 57-88 walking horizontally towards sofa; 90-140 sitting down on sofa on the left end closer to camera; 132-172 crossing legs while sitting on sofa; 158-197 reaching for phone inside pocket and taking it out; 198-358 using phone; 334-365 uncrossing legs while in seated position on sofa; 366-410 getting up from sitting position on sofa; 412-523 walking away from sofa towards office chair at desk;423-583 sitting down at office chair; 558-581 reaching for phone on desk; 583-726 speaking on land line phone with head facing backward;746-785 placing landline phone handle back on desk;832-862 standing up from sitting position on office chair;900-1060 opening and reading book on desk while in standing position and head facing backward;  1099-1126 walking in straight line from chair towards cabinet attached to the desk;1126-1226 opening cabinet door;1238-1281 closing cabinet door; 1306-1393 walking along desk from one end to end and around the office chair; 1389-1409 reaching for remote control on desk while in standing position;1548-1576 placing remote control back on the desk while in standing position;1730-1780 sitting down in office chair on desk with head facing backward; 1810-1859 getting up from sitting position on office chair; 1880-1905 reaching for remote control on desk while in standing position; 2065-2094 placing remote control back on desk while in standing position; 2084-2104 turning slightly around; 2113-2185 walking away from the desk closer towards the camera


MPH11_00151_01, 90-155 sitting down on sofa; 177-220 getting up from sitting position on sofa; 230-301 walking; 307-368 sitting down in office chair;420-440 turning head around to face foward while in sitting position on chair facing backward; 480-501 turning head around to face backward while in sitting position on chair facing forward; 528-562 reaching for phone on desk while being seated at desk; 573-630 talking using land line phone with head facing backward while sitting on desk; 631-675 putting phone handle back on desk while in seated position on desk; 719-749 getting up from sitting position on office chair; 750-773 turning around; 774-873 walking away from desk towards sofa; 904-954 turning around while standing near sofa; 955-970 turning around while standing near sofa;971-1010 sitting down on sofa on the far end; 1011-1054 crossing legs; 1055-1082 uncrossing legs while being seated on sofa; 1112-1141 crossing legs while being seated on sofa; 1142-1181 uncrossing legs while being seated on sofa;1182-1270 going from sitting to lying down on sofa; 1271-1315 getting up from lying position on sofa; 1350-1380 going from sitting position on sofa to standing up; 1383-1434 walking away from the sofa towards the camera


MPH11_03515_01, 40-62 turning around by 90 degrees from facing the camera to the side; 63-142 walking away from the camera towards the cabinet with head facing backward; 141-232 reaching for something on cabinet shelf while standing with head facing backward;235-311 bending slightly downward to look down while in standing position; 312-331 straightening up from slightly bending position; 325-342 turning slightly around to the left with head facing backward toward camera; 348-373 walking along desk towards the office chair; 389-422 sitting down in the office chair; 650-697 standing up from sitting position in the office chair; 701-724 walking for a few steps away from the office chair near the desk; 725-759 turning around; 760-830 walking near the desk around the office chair towards the cabinet attached to the desk on the left; 831-877 opening cabinet door on the left hand side; 877-929 closing cabinet door on the right hand side; 1056-1111 turning around and away from the cabinet on the left hand side; 1113-1157 walking away from the cabinet towards the sofa and looking at the paintings haned on the left side wall; 1213-1290 sitting down on sofa on the far end; 1350-1415 standing up from sitting position on sofa on the far end; 1416-1485 walking away from the sofa with head facing backward towards the desk; 1488-1574 bending slightly towards the desk on one side; 1575-1651 straightening up from a slight bending position over the desk;1651-1687 turning around towards the camera; 1682-1696 walking away from the desk towards the wall while facing the camera; 1697-1780 bending down to pick a toolbox off of the floor; 1780-1809 straightening up from bending position near the wall; 1810-1840 turning 90 degrees around to walk towards the sofa; 1841-1870 walking towards the sofa nearer towards the camera


MPH16_00157_01, 108-174 walking towards the camera face facing forward; 175-207 turning around 180 degrees facing away from the camera;208-266 walking away from the camera head facing backward towards the office chair at the desk; 267-351 sitting down in the office chair; 417-515 laying head down on desk while being seated in the office chair; 516-550 lifting head off of the table; 560-609 getting up from sitting position in office chair;623-737 bending slightly downward to pick up something off of the desk; 738-768 reaching for the phone handle on the desk while in standing position; 769-913 talking on a landline phone placed on a desk while standing;914-980 placing phone handle back on the desk while standing;944-989  bending slightly down to put something down on the desk;990-1010 straightening up from bending position while turning around; 1005-1045 turning around towards the opposite side; 1048-1061 turning head around to face the camera;1062-1121 turning around 90 degrees to the left;1137-1200 walking near the desk towards the cabinet on the left; 1201-1272 bending head over cabinet with right hand placed on the desk; 1273-1302 straightening up from bending position;1313-1360 walking away from the desk towards the bed;1361-1410 sitting down on the bed on the far end; 1415-1462 crossing legs while sitting on the bed; 1463-1494 uncrossing legs while being seated on the bed; 1495-1570 crossing legs while sitting on bed on the far end; 1571-1587 uncrossing legs while being seated on the bed;1590-1622 folding legs while being seated on the bed; 1623-1647 unfolding legs while being seated on the bed; 1650-1680 getting up from sitting position on the bed


MPH112_00034_01, 27-76 turning around; 82-142 walking alongside the bed on the left hand side with head facing backward; 183-220 extending left hand towards the wall while standing near the bed;221-240 lowering hand extended to the wall; 246-307 bending over small cabinet placed on the left hand side with hands placed on the nightstand; 308-351 straightening up from bending position over nightstand;356-421 bending down over the bed on the left hand side; 422-446 straightening up from bending position over the left hand side bed; 452-471 walking a small distance along the left hand side bed; 472-493 turning around away from the camera;494-827 walking away from the camera along the bed towards the wall; 528-613 extending left hand towards the painting on the wall; 528-613 bending slightly over the bed towards the wall at the back; 614-636 lowering hand that was extended towards painting on the wall; 614-636 straightening up from slightly bending down position over bed towards paining on the wall;652-668 walking along the bed with head facing forward towards the camera;669-715 turning around 180 degrees away from the camera;715-764 walking along bed with head facing backward towards the wall;763-862 climbing the nightstand next to the bed on the left hand side; 857-912 raising and extending both hands to both sides;913-950 climbing down the nightstand by jumping off of the nightstand;963-983 lowering both hands that were raised and extended to both sides;990-1047 sitting down on the bed on the left hand side;1048-1320 going from sitting down to lying down on the bed on the left hand side and staying in laying down position;1321-1401 going from lying position in bed to sitting down in bed; 1401-1432 going from sitting down on bed to standing up;1480-1570 climbing the bed on the left hand side with both hands raised to the side;1571-1702 jumping up and down on the bed;1703-1725 climbing down off of the bed by jumping down;1730-1755 straightening up from bending position;1763- 1787 lowering both hands that were raised on both sides

MPH112_00150_01, 34-73 turning 90 degrees in front of the bed;86-153 walking along bed away from the camera with head facing to the side and then to the back;156-206 sitting down on the bed on the left hand side;515-700 going from sitting down on the bed on the left hand side to lying down; 701-780 going from lying down to sitting position on the bed;781-818 getting up from sitting position on the bed;828-845 bending down towards chair to pick up a pillow; 846-876 straightening up from bending position;900-947 being down over the bed to place down a pillow;900-922 placing a pillow down over the bed;958-975 straightening up from bending position; 988-1018 sitting down on the bed; 1019-1166 lying down on the bed; 1167-1223 getting up from lying position on the bed;1259-1393 bending down over bed to make it up;1394-1414 straightening up from bending position;1420-1476 turning around near the bed towards the wall; 1484-1511 bending down over the bed to pick up the pillow;1512-1538 picking up the pillow off the bed and straightening up;1539-1577 walking towards chair while carring a pillow; 1580-1632 bending down to place pillow over chair; 1633-1670 straightening up from bending position;1680-1728 walking along the beds ends; 

MPH112_00151_01; 118-167 sitting down on the bed; 290-391 going from seated on bed to lying down;783-863 going from seated down on bed to lying down face down;864-1000 doing push-ups on bed;1165-1239 walking along bed face facing forward towards the camera 


MPH112_00157_01, 23-55 turning around; 56-145 walking along bed face facing back away from the camera; 66-109 raising both hands to stretch while walking;156-225 bending down slightly and extending hand to reach for the switch and turn off the light;160-210 extending hand toward the switch to turn off the light;229-287 sitting down on the bed;287-339 lying down on bed with head raised while reading;340-600 reading book while lying down on bed and head raised;620-683 getting up from lying position on the bed;708-750 standing up from sitting position on the bed;751-782 walking along bed towards the camera;783-817 bending down to look under the chair;822-851 straightening up from bending position to a half-way bending position;946-970 straightening up from bending position;971-1017 walking away from the camera along the bed on the left hand side;1017-1042 extending the left hand towards the switch on the wall;1055-1100 walking along bed towards the camera; 1094-1130 turning around 180 degrees away from the camera;1131-1162 walking along bed away from the camera;1165-1186 bending down slightly to switch on the light;1165-1188 extending hand to reach for the switch and turn off the light;1210-1240 walking along the bed toward the camera


MPH112_00169_01, 1064-1141 turning around several times


N0SittingBooth_03301_01, 19-38 turning around 90 degrees; 48-96 walking to the right towards a four seater; 109-164 sitting down on the right backseater face facing forward,165-193 reaching for the notebook on table; 205-265 grabbing a pen and writing on the notebook;325-364 standing up from sitting position on the fourseater at the back;637-450 walking along the fourseaters from riht hand side to the left;451-525 sitting down in the fourseater in the middle; 570-648 drumming hands on table;673-710 raising the left hand towards the lamp above the table; 698-727 standing up from sitting position while touching lamp above the table;710-727 lowering the left hand; 800-870 walking near the four seater; 880-931 sitting down at fourseater on the right with legs facing outward;1000-1025 getting up from sitting position at the four seater; 1028-1066 walking towards the camera


N0Sofa_00145_01,120-560 walking around the scene;580-660 sitting down on the black sofa on the far right end;802-864 crossing legs; 850-884 raising both hands on the sides on the sofa;908-925 turning 90 degrees to the left while facing the camera while being seated;972-1006 turning head 180 degrees from left to right while being seated;1023-1054 uncrossings legs while sitting on the black sofa on the right;1064-1095 reaching for something on the coffe table in front of the sofa using the right hand;1138-1182 sitting down in front of the coffee table;1232-1320 reaching for a mug on the coffee table in directly in front while sitting;1329-1452 stirring inside a mug;1454-1504 drinking from a mug whie sitting on the black sofa; 1516-1560 placing mug back on the table; 1581-1620 picking up pen off the coffee table directly in front;1666-1712 reaching for mobile phone on the coffee table using the right hand; 1745-1880 speaking on mobile phone with the phone placed on the right ear;1936-1982 placing mobile phone back on the coffee table using both hands;1987-2011 standing from sitting position on the black sofa;2030-2052 turning 90 degrees in front of the sofa at the corner


N3Library_03301_01,40-66 turning around 180 degrees;89-149 walking around table and turning corner towards the chair at the head of the table;159-239 sitting down at the chair at the head of the table;310-351 standing up from sitting position at chair at the head of the table;367-420 walking and turning corner at the head of the table towards the sofa; 421-483 sitting down on the sofa on the far left end;481-520 extending both hands on the back of the sofa;558-606 standing up from sitting position on the sofa;610-652 turning around; 660-819 walking around the table


N3Library_03301_02, 35-77 turning around, 78-157 walking along table and sofa away from the camera head facing backward; 160-204 sitting down on the sofa on the far left end;226-273 hand placed on cheeck with head leaning on the hand;290-323 getting up from sitting position on the sofa;330-382 walking around table corner;383-442 sitting down in the chair at the head of the table;490-528 standing up from sitting position; 530-652 walking around the table and turning corner



N3Library_03403_01, 62-92 picking remote control off of the table while in standing position;93-108 turning around 90 degrees;152-190 placing remote control back on the table while in standing position;181-228 turning around; 229-346 walking around table and turning corner; 347-400 sitting down on the arm of the sofa on the left end;428-459 getting up from sitting position on the arm of the sofa;460-537 walking towards standing lamp in a straight line along the table side;576-670 walking along the table edge towards the camera with face facing forward



N3OpenArea_03301_01, 36-77 turning around 90 degrees; 78-109 walking along sofa away from the camera with head backing backward;110-174 sitting down on the sofa on the far end;184-195 reaching for laptop keyboard on coffee table in front of sofa;196-263 typing on laptop;252-276 picking up cup from off the cofee table;277-326 drinking from a cup;329-351 placing down cup on the cofee table;370-410 getting up from sitting position on the sofa;470-540 walking around the coffee table;550-601 sitting down on the chair near the coffee table;683-731 bending down over coffee table while in sitting position;732-770 standing up from sitting position on small chair near the coffee table; 793-857 sitting down on one seater sofa; 858-938 lifting left leg on the table in front; 938-970 lowering lifted leg that was placed on the chair;970-999 getting up from sitting position;1000-1056 walking towards the camera


N3Office_00139_01,50-196 turning around 180 degrees;197-168 walking away from the camera towards the window;164-198 reaching for cup on computer desk while standing;199-261 drinking from cup with face facing backward to the camera;262-310 placing down cup on the elevated monitor desk;369-410 turning around;480-524 reaching for something placed on the table while standing up without bending using left hand;588-657 walking towards the camera face facing forward while inspecting something in hand; 670-725 turning around;726-790 walking away from the camera head facing backward towards the table to place something back; 785-808 placing something back down on table while standing up; 1025-1123 walking towards camera face facing forward;1129-1180 turning head backward;1220-1268 turning headforward


N3OpenArea_03403_01, 44-61 extending and raising both hands to the side while standing facing the camera;62-81 lowering extended raised hands on the side;82-108 turning slightly around; 102-125 walking with face side facing the camera towards the floor lamp; 103-129 raising and extending left hand towards the floor lamp to touch it while standing;130-179 lowering left extended hand to the front back to the side;180-215 turning 90 degrees around near the orange sofa;216-244 walking along the orange sofa with head facing backward away from the camera;244-303 sitting down on the sofa; 304-373 going from sitting to lying down on the sofa while folding legs and learning back on the arm;335-366 folding legs while lying down on sofa with the back leaning against the arm on the far end;379-410 unfolding crossed legs while lying down on sofa with back learning against the arm and placing the right leg on the floor; 410-441 lowering left leg onto the floor from lying position with head leaning against the sofa arm;442-495 standing up from sitting position;496-574 walking in the scene around the coffee table towards the big one seater sofa;543-595 extending the right hand towards the one seater sofa while walking towards it; 596-622 loweing right extended hand towards one seater sofa back; 623-657 bending towards the coffee table; 623-664 reaching for a mug on the coffee table while in standing position; 658-685 straightening up from bending position over coffee table;685-703 drinking from a mug;715-762 placing a mug back on the coffee table while in standing position;715-760 bending down to place a mug back on the coffee table; 761-781 straightening up from bending position over the coffee table to place something;787-872 walking towards the camera with face facing forward



Werkraum_03403_01, 210-240 extending and raising both hands to the side while standing facing the camera;241-293 lowering extended raised hands on the side;377-405 turning around 135 degrees; 403-437 walking towards the chair at the table on the right;438-524 sitting on the chair at the table on the right with hands placed on the table;520-547 reaching with the right hand towards table to pick up a pen;556-580 placing pen down on the table;610-648 standing up from sitting position in the right chair at the table; 650-712 walking away from the chair with face facing forward;733-860 walking along the table from right to left and turning a corner; 860-942 sitting down at the left chair at the table with hands placed on the table;980-1012 standing up from sitting position in the left chair at the table;1013-1100 walking away from the chair on the left with face facing forwards towards the camera


Werkraum_03516_02, 243-264 lowering extended half-raised hands to the sides; 250-287 turning head 90 degrees around;  288-354 turning around around table corner while walking;288-377 walking along table towards black chair at the table on the left; 378-444 sitting down in a chair at the table on the left;446-465 extending both hands to the front near the the laptop placed on the table; 544-645 standing up from sitting position in a chair at the table on the left;645-740 walking along the table and around the corner;735-811 raising the left hand towards the head to scratch it; 812-834 lowering hand that was raised to the head back to the side; 821-849 turning head to the right 90 degrees;850-879 turning head back so it is aligned with the rest of the body; 880-959 turning around 180 degrees away from the camera;960-984 bending slightly over the table with face facing backward to lean on table;985-1008 straightening up from slightly bending position;1041-1095 walking along the table and turning corner on the right side towards the black chair;1095-1166 sitting down in the black chair at the table on the right side;1177-1220 reaching with the left hand towards a mug placed on the table; 1221-1275 bring the mug to the mouth and drinking; 1276-1328 placing the mug back on the table;1460-1453 standing up from sitting position in the black chair at the table on the right;1547-1568 walking away from the table towards the camera;1550-1607 raising the left hand while facing forward to the camera and waving it left and right in front; 1608-1631 lowering the left hand back to the side and walking; 1660-1700 in a diagonal line towards the camera 


N0SittingBooth_00169_01, 26-67 turning around 90 degrees; 68-116 walking to the right towards the four seater on the right; 117-168 sitting down in the four seater on the right with hands placed on the table; 169-200 turning around while sitting in the four seater; 201-250 lying down on the four seater with legs placed on the floor; 273-332 getting from lying position while legs are placed on the floor; 334-371 getting up from sitting position on the four seater;372-462 walking near the four seater towards the fourseater on the left; 463-521 sitting down in the four seater; 556-604 turning around in the fourseater so legs are placed outside the fourseater; 605-636 crossing legs while sitting and legs are outside the four seater;641-671 uncrossing crossed legs;672-707 standing up from sitting position; 710-783 walking along the fourseaters; 912-955 walking along the fourseaters and towards the camera in a circle; 953-1000 kneeling down; 1001-1055 straightening up from kneeling position

N3OpenArea_00157_01, 56-116 turning around; 123-206 sitting down at small oneseater sofa nearer to the camera; 227-286 standing up from sitting position on the oneseater sofa;287-338 walking towards the backless seater;339-409 sitting down on the backless seater;403-426 raising both hands perpendicularly at the head level; 680-707 lowering hands that were raised perpendicularly; 840-889 standing up from sitting position in the oneseater facing the camera;903-948 walking towards the camera


N3Library_03375_02, 42-69 turning around; 70-130 walking around the table and turning corner towards the side; 123-144 bending down over table to grab papers;145- 169 straightening up from bending position after grabbing the papers off of the table; 186-205 turning around while walking; 213-235 turning around while walking;273-292 turning around near the table on the left;330-350 bending slightly to place papers on the table; 396-417 bending down to pick a cup off of the table; 396-420 reaching to pick up a cup off of the table; 421-464 bring cup to mouth to drink


N0SittingBooth_03403_01, 19-47 turning around in front of the right fourseater; 48-124 walking along the fourseaters towards the fourseater on the left; 125-191 sitting down in the fourseater on the left;189-224 reaching to pick up the bottle milk off of the table;  225-275 pouring milk into the cup while sitting; 280-310 placing the bottle milk back on the table while sitting;340-375 pouring milk from one cup to another placed on the table; 415-470 getting up from sitting position in the four seater on the left; 473-508 walking to the opposite side of the fourseater; 508-583 sitting down in the fourseater;592-626 drumming hands on the table while sitting in the fourseater; 636-703 standing up from sitting position in the four seater; 703-781 walking from the fourseater in the middle to the fourseter on the right; 782-860 sitting down in the fourseater on the right; 860-891 reaching for phone on the table and picking it up; 892-948 using mobile phone; 949-1038 speaking on the mobile phone; 1039-1073 putting the mobile phone back on the table after finish speaking;1073-1091 reaching for and grabbing the pen on the table; 1095-1133 pretending to write in the notebook on the table; 1134-1154 placing pen back on the table;1174-1254 standing up from the fourseater on the right



N3Office_03301_01,33-64 turning 90 degrees left towards the desk;  62-82 waling towards the desk; 83-142 sitting down in chair at the desk; 143-150 extending hand towards a computer keyboard on the desk; 151-290 typing on the desktop keyboard; 292-328 lifiting the lift hand towards chin and resting face on the hand; 337-392 typing on desktop keyboard; 401-430 reaching for the headphones on the desk; 453-510 wearing headphones;511-521 extending hands towards computer keyboard on the desk;522-571 typing on the desktop keyboard; 580-625 removing headphones; 613-640 placing headphones back on the desk; 650-685 reaching for a water glass on the desk; 695-779 bring glass to mouth and drinking; 779-830 placing glass back on the desk; 848-899 standing up from chair at the desk; 899-1002 walking away from the camera with head facing backward to the back of the room;1045-1106 reaching for something on a high table in front without bending down;  1173-1206 placing things back on the high table;1348-1384 turning around towards the standup desktop desk; 1385-1432 walking towards the standup desktop desk;1419-1442 extending hand towards desktop keyboard on the standup desk while standing; 1443-1558 typing on the desktop keyboard while standing;1897-1927 turning around to face away from the standup desktop desk;1928-2008 walking away from th standup desktop desk facing forward towards the camera


N3Office_00153_01, 104-178 explaining something on board; 251-369 pretending to erase board;  370-354 explaining something on board; 493-738 erasing board; 839-1133 drawing on the board; 1156-1413 explaining something on board; 1482-1514 turning around away from the board; 1515-1550 walking away from the board towards the deskk; 1551-1609 sitting in the chair at the desktop desk; 1658-1697 extending hands towards desktop keyboard while sitting at the desktop desk;1698-2013 pretending type on the desktop keyboard;1800-1820 turning head around 90 degrees while sitting;1850-1868 turning head back so it is aligned with the body;2031-2080 standing up from sitting position in the desk chair;2091-2109 turning around facing backward from the camera; 2110-2220 walking away from the desk away from the camera with head facing backward towards the standup desktop desk;2201-2266 sitting in the chair placed in front of the standup desk;2287-2321 extending hand towards the standup desktop desk while sitting to grab a cup; 2342-2378 extending hand towards the standup desktop desk while sitting to reach the desktop mouse; 2437-2474 standing up from sitting position in the chair at the back of the scene; 2512-2556 turning around near the window to face the camera;2608-2743 walking away from the window while passing between the standup desktop desk and the chair towards the high table on the opposite side;2743-2831 learning against the high table while standing and nearly without bending down;2905-3060 walking away from the high table towards the camera with face facing forward while avoiding the desk and the chair


Werkraum_03301_01, 166-189 turning around 90 degrees away from the camera; 173-259 walking along the table and turning corner away from the camera; 260-328 sitting down in chair at the table on the right side; 349-398 standing up from sitting position in a chair at the table on the right; 400-424 extending the right hand while standing at the table forwards table lamp in front; 425-443 lowering right hand that was extended to the front;460-482 turning around 90 degrees facing away from the table; 483-515 walking towards the open cabinet standing on the side wall; 496-537 extending the left hand in front towards the open cabinet; 538-558 lowering the left hand that extended towards the open cabinet; 556-654 walking away from the open cabinet along the table and turning corner towards the black chair on the left side; 641-673 turning around to face the camera nearly 180 degrees; 674-695 turning around 90 degrees sideways; 709-767 walking between the black chair and white sofa; 768-847 sitting down in the black chair chair placed at the table on the left side; 892-922 standing up from sitting position in the black chair at the table on the left side; 922-1040 walking and turning corner around the table 


N3Office_00034_01,50-70 turning head 90 degrees facing away from the camera;76-261 explaining on the board; 262-390 drawing on the board; 470-562 explaining something on the board;570-615 turning around and away from the board towards the desktop desk on the left opposite;616-649 walking from the board towards the desktop desk on the left opposite; 650-712 sitting down in chair at the desktop desk;716-738 raising and extending both hands to the sides while sitting; 739-756 lowering both hands back to the side; 812-838 extending both hands forwards towards the desktop keybord; 839-888 pretending to type on the desktop keyboard;891-950 extending the right hand forwards the desktop monitor; 970-987 lowering the right hand that was extended forwards towards the monitor; 990-1059 standing up from sitting position in the black chair at the desktop desk;1060-1166 reading notebook placed on the desktop desk while standing; 1172-1212 turning around facing away from the camera; 1213-1343 walking away from the camera to the back of the scene near the high table on the left side;1363-1407 reaching to touch something on the high table;1410-1433 turning around away from the high table to walk towards the standup desktop desk opposite;1434-1480 walking from the high table towards the standup desktop desk; 1503-1583 sitting down in the chair facing the standup desktop desk; 1622-1643 raising the left hand towards the standup desktop desk; 1727-1775 bending down towards a small table under the standup desktop desk while in sitting position; 1776-18007 straightening up while sitting down from bending down position; 1810-1852 standing up from sitting position at chair opposite the standup desktop desk;2004-2068 walking away from the standup desktop desk towards the board; 2054-2088 raising and extending the left hand forwards towards the board; 2089-2130 lowering hand that was extended forward towards the board while walking away from the board; 2100-2152 walking away from the board towards the camera


N3Office_00150_01, 190-291 reading notebook placed on the desktop desk;290-317 turning around away from the desktop desk; 318-362 walking away from the desktop desk towards the board;462-815 drawing on board;980-1070 walking away from the board towards the standup desktop desk;1074-1115 reaching with left hand to grab something on the standup desktop desk;1361-1390 grabbing a ruler off the standup desktop desk;1477-1538 placing the ruler back on the standup desktop desk;1543-1573 turning around away from the standup desktop desk;1763-1624 walking away from the standup desktop desk towards the high table opposite;1717-1857 walking away from high table towards the desktop desk facing forward at the front of the scene; 1858-1929 sitting down in chair at the desktop desk;1928-2003 folding hands while being seated in the black chair at the desktop desk;2088-2171 standing up from sitting position in chair at desktop desk;2172- walking around chair to avoid collision towards the chair opposite the standup desktop desk at the back of the scene; 2327-2404 sitting down in chair opposite the standup desktop desk; 2375-2419 crossing legs while sitting down at the chair opposite the standup desktop desk; 2494-2514 uncrossing legs and preparing to stand up;2515-2545 standing up from sitting position in black chair at the standup desktop desk;2545-2599 walking away from the standup desktop desk with face facing forward towards the camera 


N3Library_03403_02,332-403 walking away from the floor lamp towards to the sofa at the back of the scene on the right along to the table passing between the chair and the table; 404-457 sitting down on the arm of the sofa at the back of the scene;458-490 crossing legs directly after sitting down on the arm of the sofa at the back of the scene; 458-624 walking along the table between the table side and sofa;514-579 getting up from sitting position on the arm of the sofa at the back of the scene;791-852 climbing the wood seater at the back of the scene in the middle;848-897 climbing down off the wood seater at the back of the scene;898-980 walking towards the camera from the back of the scene to the front



Werkraum_03516_01,231-260 lowering hands that were extended to both sides on the left and right;255-296 turning around;297-338 sitting down directly on the table with legs on the floor;330-433 pedaling legs forward and backward while sitting on the table; 434-465 standing up from sitting on the table top; 460-493 turning around away from the camera;509-592 sitting down in the black chair at the table on the right; 614-661 raising and extending both hands to the left and right while in a seated position; 662-681 lifting hands vertically above the head;712-753 crossing legs while being seated in a black chair at the table on the right;755-805 uncrossing legs while in a seated position; 806-885 getting up from sitting position in a black chair at the table on the right; 900-970 bending down at the corner of the table and looking under the table;989-1046 straightening up from bending down position;1092-1124 turning around in front of the table at the front of the scene;1175-1244 kneeling down on the floor to tie shoelaces; 1257-1305 standing up from kneeling position on the floor; 1425-1496 bending down to the side in a stretching position; 1497-1554 straightening up from bending down position;1577-1638 walking along the table and turning the left corner of the table; 1682-1769 sitting down in black chair at the table on the left side; 1804-1824 raising hands to the front; 1824-1914 running hands together;1976-2088 standing up from sitting position in black chair at the table on the left side; 2089-2150 walking away from the table towards the camera 

N3Library_00157_01, 92-375 sort of dancing; 412-440 turning around facing away from the camera; 454-474 walking with head facing backward toward the back of the scene;486-598 drumming hands on the table while walking along the table and bending slightly over the table;738-774 sitting down directly on the table with legs on the floor; 777-814 folding legs while sitting on the table; 910-955 standing up from sitting position on the table

N3OpenArea_00158_01, 44-75 turning around facing away from the camera;75-105 walking along the sofa away from the camera;106-160 sitting down on the two seater orange sofa on the far end;248-303 standing up from sitting position on the two seater orange sofa; 304-460 walking along the sofa with face facing forwards towards the camera and turning towards the board on the left; 460-1167 explaining on the board; 837-1072 writing on the board;  

N3Library_03375_01, 62-62 turning around 180 degrees away from the camera; 61-132 walking away from the camera with head facing backward toward the the window at the back of the scene; 151-223 opening and closing window;260-320 walking away from the window towards the table at the front face facing forward;329-390 bending down over the table to write on the paer on the table; 352-574 writing on the paper placed on the table at the corner near the laptop in standing position; 603-693 typing on laptop keyboard at the table while in standing position and bending over the table; 694-714 straightening up from bending position over table;743-789 walking away from the camera face facing backward towards the floor lamp;786-811 turning around near the floor lamp;819-837 raising right hand towards the floor lamp;935-958 bending down over towards the tv sideboard on the left;956-980 straightening up from bending position over the tv side board on the left;989-1011 walking away from the tv sideboard towards the table; 1008-1031 reaching for a cup on the table at the corner and grabbing it while walking;1031-1047 straightening up from bending position while walking;1048-1080 bring cup to mouth and drinking while walking;1048-1080 walking in front of the table while drinking     


MPH112_00169_01, 36-72 turning around;73-140 walking along the bed towards the bed head;141-180 sitting down on the bed;234-294 going from sitting position to lying down on the bed;525-685 lifting legs in the air while lying down on the bed;935-990 getting up from lying position on the bed;991-1021 standing up from sitting position on the bed;1022-1044 turning around;1040-1060 walking along bed towards the nightstand;1060-1163 turning around 360 degrees sevreal times;1064-1211 walking along bed to the left; 1211-1280 bending down forward while walking towards table in front of the bed while handling a pillow;1281-1298 straghtening up from bending position;1309-1340 walkig along the bed to the right; 1354-1398 sitting down on the bed;1398-1460 lying down in the middle of the bed with legs placed on the floor;1461-1501 getting up from lying position in which legs were placed on the floor


N0Sofa_00034_02,126-198 walking around the sofa towards the camera; 199-242 sitting down on the one seater orange sofa facing the camera;270-319 crossing legs while sitting in the one seater orange sofa facing the camera;320-345 uncrossing legs while in seated position in the red one seater sofa;346-379 standing up from sitting position; 379-484 walking around the orange sofas towards the black sofa; 485-515 sitting down on the black sofa on the left side facing left;510-570 lying back down on the black sofa with legs placed on the floor;602-640 sitting up from lying position with legs on the floor; 640-679 standing up from sitting position on the sofa;700-753 sitting down on the sofa facing towards the camera;737-799 reaching for a mug on the coffee table in front and grabbing it while being seated in the sofa; 800-865 drinking from the mug;866-898 placing the mug back on the table; 963-1009 bending down over the sofa and arranging the pillow;1042-1085 sitting down on the sofa near the corner;1054-1102 reaching for the mug on the coffee table in front while sitting down on the black sofa;1216-1254 turning head around so it is not aligned with the body while in seated position;1270-1295 turning hear back so it is aligned with the body while being seated in the black sofa;1277-1308 reaching for the mug on the table and touching it without picking it up; 1349-1390 standing up from sitting position at the sofa       

N3Office_00159_01, 156-200 sitting down in chair at the desktop desk;201-244 reaching for the headphones on the desk and grabbing them;245-312 placing headphones on head; 340-355 extending hands forward toward the desktop keyboard;356-379 pretending to type on desktop keyboard;494-560 taking off headphones;610-654 standing up from sitting position in the black chair at the desktop desk; 655-682 turning around facing away from the camera;694-725 walking away from the desktop desk towards the board; 776-840 drawing on the board;  928-1020 walking away from the camera towards the standup desktop desk at the back of the scene;1061-1089 reaching for something on the standup desktop desk while standing;1131-1162 turning head towards the camera 90 degrees so it is misaligned with the body; 1175-1193 turning head back to the left so it is again misaligned with the body;1236-1258 turning around; 1655-1910 erasing the board   

N3Library_00157_02, 61-93 sitting down on the table with legs on the floor;94-168 folding legs while sitting on the table;201-233 standing up from sitting position on the table;234-264 turning around facing away from the camera;264-340 walking away from the camera face facing backward and turning a corner at the table at the back of the scene;341-435 sitting in black chair facing camera at the back of the scene at the table;460-504 standing up from sitting position in the chair at the back of the table;505-560 walking and turning corner and then facing forward toward the camera;561-768 dancing sort of
  
 
N3OpenArea_00157_02,40-107 turning around facing away from the camera; 107-214 walking away from the camera along the sofas and towards the corner of the room at the back on the right;239-259 turning around while standing at the corner in the room; 283-472 walking in the scene between the sofas and coffee table in zigzag;603-633 turning around 90 degree away from the camera;630-684 walking facing away from the camera towards the grey small one seater sofa at the back;694-771 sitting in the grey small one seater sofa at the back of the scene;1006- 1048 standing up from sitting position at the small grey one seater sofa at the back;1148-1318 walking in the scene between the sofas and coffee table in zigzag towards the front of the scene and then around the scene towards the back

N0Sofa_00141_01,0-200 9 dancing;235-290 0 walking vigorously and turning sofa corner;259-290 27 tuning sofa corner;319-482 9 dancing;510-532 0 walking;532-536 2 sitting down vigorously on sofa;570-673 12 lying down on sofa;800-831 5 getting up from sofa;835-895 0 walking;886-904 27 turning partially around;1168-1258 45 bending down from standing and squatting;1259-1276 5 standing up from squatting;1277-1298 35 jumping;1300-1335 27 turning around;1336-1405 25 streteching hands from behind the back;1390-1418 45 bending down only the back;1419-1437 46 bending up following bending down;1437-1489 45 bending back down;1629-1675 9 dancing with hands stretched behind back;1672-1688 46 bending up following bending down;1730-1753 27 turning around to sit down on sofa;1764-1810 2 sitting down on sofa;1820-1857 10 reaching for cup on table;1887-1940 47 stirring spoon inside a cup;1941-1969 11 putting something back on table;1988-2022 1 raising hands up and down while sitting on sofa;2026-2045 5 standing up from sofa;2210-2266 0 walking


N0Sofa_00034_01,101-137 0 walking,138-190 2 turning around and then sitting down on sofa;191-252 3 seated in sofa with hands on sofa; 235-353 29 crossing legs and starting to uncross;369-400 5 standing up;401-420 27 turning around;412-442 27 turning around to sit down on a sofa;446-477 2 sitting down;490-560 12 lying down in sofa;561-596 13 getting up from lying position;597-630 5 getting up form sitting position;631-726 0 walking;649-726 27 turing around while walking turning a corner;726-748 27 turning around to sit down;751-850 12 lying down on sofa;850-904 13 getting up from lying position;977-994 5 sitting up on sofa;992-1025 10 reaching for something on small table from sofa;1045-1131 40 bring cup to mouth to drinking;1140-1185 11 putting something back on table while on sofa;1205-1240 5 getting up from sofa;1290-1323 2 sitting down on sofa while reaching for something on table simultaneously;1305-1332 10 reaching for something on table while sitting on sofa;1324-1465 6 holding paper in hand and reading papers;1466-1485 11 putting something back on table;1493-1513 10 reaching for something on table while on sofa;1500-1575 30 holding and looking or using phone;1585-1642 43 speaking on phone;1665-1800 43 speaking on phone;1811-1838 11 putting phone back on table while on sofa;1831-1860 10 reaching for a cup on table while on sofa;1878-1897 10 reaching for a cup on table while on sofa;1936-1968 5 getting up from sofa;1989-2015 24 bending down to lean on small table in front of sofa;2023-2053 2 sitting down on sofa from bending pose;2083-2118 5 getting up from sofa;2129-2280 0 walking;2170-2224 27 circling turning corner;2579-2613 0 walking while elooking at phone and using phone;2579-2741 30 walking while looking at phone and using phone;2665-2741 30 taking photo on mobile;2754-2784 44 looking at phone possibly taking selfie









Long-term-Motion-in-3D-Scenes

train BasementSittingBooth_00142_01 66
train BasementSittingBooth_00145_01 106
train BasementSittingBooth_03452_01 113
train MPH112_00034_01 83
train MPH112_00150_01 77
train MPH112_00151_01 46
train MPH112_00157_01 43
train MPH112_00169_01 78
train MPH112_03515_01 60
train MPH11_00034_01 105
train MPH11_00150_01 106
train MPH11_00151_01 58
train MPH11_03515_01 88
test MPH16_00157_01 79
test MPH16_03301_01 62
test MPH1Library_00034_01 108
train MPH8_00168_01 162
train MPH8_03301_01 96
test N0SittingBooth_00162_01 59
test N0SittingBooth_00169_01 34
test N0SittingBooth_00169_02 43
test N0SittingBooth_03301_01 33
test N0SittingBooth_03403_01 51
train N0Sofa_00034_01 163
train N0Sofa_00034_02 57
train N0Sofa_00141_01 112
train N0Sofa_00145_01 101
train N3Library_00157_01 25
train N3Library_00157_02 8
train N3Library_03301_01 16
train N3Library_03301_02 4
train N3Library_03375_01 34
train N3Library_03375_02 450
train N3Library_03403_01 5
train N3Library_03403_02 26
train N3Office_00034_01 98
train N3Office_00139_01 50
train N3Office_00139_02 109
train N3Office_00150_01 126
train N3Office_00153_01 60
train N3Office_00159_01 96
train N3Office_03301_01 97
test N3OpenArea_00157_01 27
test N3OpenArea_00157_02 49
test N3OpenArea_00158_01 48
test N3OpenArea_00158_02 88
test N3OpenArea_03301_01 31
test N3OpenArea_03403_01 19
train Werkraum_03301_01 21
train Werkraum_03403_01 21
train Werkraum_03516_01 93
train Werkraum_03516_02 63

